{
  "name": "aim",
  "modifiers": {
    "fiskheroes:repulsor_blast": {
      "damageProfile": {
        "damage": 10.0,
        "types": {
          "ENERGY": 1.0
        },
        "properties": {
          "ADD_KNOCKBACK": 1.0,
          "HIT_COOLDOWN": 0.0
        }
      },
      "range": 48.0,
      "speed": 20.0,
      "spread": 0.0,
      "radius": 0.1,
      "cooldownTime": 30,
      "soundEvents": {
        "SHOOT": "fiskheroes:repulsor_blast"
      }
    }
  }
}
