{
  "name": "Batsuit",
  "modifiers": {
    "fiskheroes:equipment": {
      "equipment": {
        "fiskheroes:batarang": {
          "cooldown": 13,
          "uses": 30,
          "damageProfile": {
            "damage": 8.0,
            "types": {
              "SHURIKEN": 1.0
            },
            "properties": {
              "DAMAGE_DROPOFF": 0.6,
              "HIT_COOLDOWN": 0
            }
          }
        },
        "fiskheroes:freeze_grenade": {
          "cooldown": 400,
          "uses": 5,
          "damageProfile": {
            "damage": 16.0,
            "types": {
              "COLD": 0.5,
              "EXPLOSION": 0.6
            }
          }
        },
        "fiskheroes:smoke_pellet": {
          "cooldown": 200,
          "uses": 10
        }
      },
      "soundEvents": {
        "SWITCH": "fiskheroes:utility_belt_switch"
      }
    },
    "fiskheroes:gliding": {
      "gliding": {
        "speed": 1.0,
        "lift": 1.0,
        "gravity": 1.0,
        "stall": 0.0
      },
      "isPowered": false,
      "isControlled": false,
      "canJumpActivate": true,
      "collision": {
        "blocks": {
          "stopFlying": true,
          "takeDamage": true
        },
        "entities": {
          "stopFlying": true,
          "dealDamage": true
        }
      },
      "knockback": 0.75,
      "soundEvents": {
        "ENABLE": ["fiskheroes:cape_open", "fiskheroes:gliding"],
        "DISABLE": "fiskheroes:cape_close",
        "IMPACT_BLOCK": "fiskheroes:flight_impact_block",
        "IMPACT_ENTITY": "fiskheroes:flight_impact_entity"
      }
    },
    "fiskheroes:damage_immunity": {
      "damageType": "BULLET"
    }
  }
}
