{
  "name": "black bolt powers",
  "modifiers": {
    "fiskheroes:charged_beam": {
      "damageProfile": {
        "damage": 8.0,
        "types": {
          "SOUND": 1.0
        }
      },
      "chargeTime": 35,
      "duration": 100,
      "cooldownTime": 250,
      "range": 26.0,
      "radius": 1.5,
      "soundEvents": {
      "CHARGE": "fiskheroes:antimatter_blast_start",
      "BEAM_AMBIENT": "fiskheroes:antimatter_blast_loop"
      }
    },
	    "fiskheroes:sonic_waves": {
      "damageProfile": {
        "damage": 4.0,
        "types": {
          "SOUND": 1.0
        }
      },
      "knockback": 0.025
    },
	    "fiskheroes:gliding": {
       	"gliding": {
        "speed": 1.5,
        "lift": 1.7,
        "gravity": 1.3,
        "stall": 0.5
      },
      "isPowered": true,
      "isControlled": false,
      "canJumpActivate": true,
      "boostSpeed": 0.1,
      "collision": {
        "blocks": {
          "stopFlying": true,
          "takeDamage": true
        },
        "entities": {
          "stopFlying": true,
          "dealDamage": true
        }
      },
      "knockback": 0.75,
      "soundEvents": {
        "ENABLE": "fiskheroes:gliding"
      }
    },
	    "fiskheroes:projectile_immunity": {
    }
  },
	"hud": [
    {
      "type": "CIRCLE",
      "color": "fiskheroes:charged_beam",
      "data": "fiskheroes:beam_charge"
    }
  ]

}

