{
  "name": "Chaos",
  "modifiers": {
   "fiskheroes:controlled_flight": {
      "speed": 0.1,
      "boostSpeed": 0.25,
      "canBoost": true,
      "collision": {
        "blocks": {
          "stopFlying": false,
          "takeDamage": false
        },
        "entities": {
          "stopFlying": false,
          "dealDamage": true
        }
      },
      "knockback": 0.4,
      "soundEvents": {
        "ENABLE": ["fiskheroes:flight_loop", "fiskheroes:flight_cape_loop"],
        "BOOST": ["fiskheroes:flight_boost", "fiskheroes:flight_boost_super"],
        "IMPACT_ENTITY": "fiskheroes:flight_impact_entity"
         }
       },
    "fiskheroes:telekinesis": {
      "telekinesis": {
        "crushMelons": true,
        "crushThrowables": true,
        "squeezeChickens": true,
        "explodeCreepers": true,
        "destroyInanimates": true
      },
      "canGrab": {
        "mobs": true,
        "items": true,
        "projectiles": true,
        "inanimates": true
      },
      "range": 10.0,
      "soundEvents": {
        "GRAB": ["fiskheroes:telekinesis_start", "fiskheroes:telekinesis_loop"]
      }
    },
    "fiskheroes:energy_projection": {
      "damageProfile": {
        "damage": 10.0,
        "types": {
          "COSMIC": 1.0,
          "ENERGY": 0.5
        },
        "properties": {
          "COOK_ENTITY": true,
          "HEAT_TRANSFER": 80
        }
      },
      "range": 10.0,
      "radius": 0.1,
      "soundEvents": {
        "BEAM_AMBIENT": "fiskheroes:cosmic_beam"
      }
    },
    "fiskheroes:spellcasting": {
      "spells": {
        "fiskheroes:whip": {
          "sequence": "",
          "cooldown": 5,
          "damageProfile": {
            "damage": 5.0,
            "types": {
              "MAGIC": 1.0,
              "FIRE": 1.0
            }
          },
          "whipBurn": {
            "frequency": 20,
            "damageProfile": {
              "damage": 0.5,
              "types": {
                "MAGIC": 1.0,
                "FIRE": 1.0
              },
              "properties": {
                "REDUCE_KNOCKBACK": 1.0
              }
            }
          }
        },
        "fiskheroes:atmospheric": {
          "sequence": "",
          "cooldown": 2,
          "pushPower": 1.0,
          "damageProfile": {
            "damage": 2.0,
            "types": {
              "MAGIC": 1.0
            }
          }
        },
        "fiskheroes:earth_swallowing": {
          "sequence": "",
          "cooldown": 8,
          "range": 48.0,
          "radius": 6.0,
          "damageProfile": {
            "damage": 14.0,
            "types": {
              "MAGIC": 1.0
            }
          }
        },
        "fiskheroes:duplication": {
          "sequence": "",
          "cooldown": 1,
          "quantity": 5
        }
      },
      "soundEvents": {
        "CAST": "fiskheroes:spell_cast",
        "CAST_FAIL": "fiskheroes:spell_fail"
      }
    },
    "fiskheroes:shadowdome": {
      "chargeTime": 40,
      "duration": 1200,
      "radius": 24.0,
      "soundEvents": {
        "CAST": "fiskheroes:shadowdome_cast_loop",
        "DISSOLVE": "fiskheroes:shadowdome_dissolve",
        "FORM": ["fiskheroes:shadowdome_form", "fiskheroes:shadowdome_form_loop"]
      }
    },
    "fiskheroes:projectile_immunity": {
    },
    "fiskheroes:teleportation": {
      "canReachMoon": true,
      "range": 128.0
    }
  }
}
