{
  "name": "power.fiskheroes.cloak_of_levitation.name",
  "modifiers": {
    "fiskheroes:controlled_flight": {
      "speed": 0.08,
      "boostSpeed": 0.12,
      "canBoost": false,
      "soundEvents": {
        "ENABLE": ["fiskheroes:flight_loop", "fiskheroes:flight_cape_loop"],
        "BOOST": "fiskheroes:flight_boost"
      }
    },
     "fiskheroes:charged_beam": {
      "damageProfile": {
        "damage": 10.0,
        "types": {
          "COSMIC": 1.0
        },
        "properties": {
          "COOK_ENTITY": true,
          "HEAT_TRANSFER": 20
        }
      },
      "chargeTime": 4,
      "duration": 200,
      "cooldownTime": 4,
      "range": 52.0,
      "radius": 0.2,
      "soundEvents": {
        "SHOOT": "fiskheroes:antimatter_blast_start",
        "BEAM_AMBIENT": "fiskheroes:antimatter_blast_loop"
      }
    },
    "fiskheroes:telekinesis": {
      "telekinesis": {
        "crushMelons": true,
        "crushThrowables": true,
        "squeezeChickens": true,
        "explodeCreepers": true,
        "destroyInanimates": true
      },
      "canGrab": {
        "mobs": true,
        "items": true,
        "projectiles": true,
        "inanimates": true
      },
      "range": 10.0,
      "soundEvents": {
        "GRAB": ["fiskheroes:telekinesis_start", "fiskheroes:telekinesis_loop"]
      }
    },
    "fiskheroes:teleportation": {
      "canReachMoon": true,
      "range": 128.0,
      "soundEvents": {
        "TELEPORT": "fiskheroes:breach"
      }
    },
    "fiskheroes:projectile_immunity": {
    },
    "fiskheroes:arrow_catching": {
    },
    "fiskheroes:water_breathing": {
    }
  }
}
