{
  "name": "Cyborg Technology",
  "modifiers": {
  "fiskheroes:controlled_flight|boosted": {
    "speed": 0.1,
    "boostSpeed": 0.25,
    "canBoost": true,
    "barrelRoll": {
      "duration": 10,
      "speed": 0.15,
      "drag": 0.06
    },
    "diveSpeedRetention": 0.5,
    "collision": {
      "blocks": {
        "stopFlying": false,
        "takeDamage": true
      },
      "entities": {
        "stopFlying": false,
        "dealDamage": true
      }
    },
    "knockback": 0.4,
    "soundEvents": {
      "ENABLE": ["fiskheroes:iron_man_flight_enable", "fiskheroes:iron_man_flight_loop"],
      "BOOST": "fiskheroes:iron_man_boost",
      "IMPACT_BLOCK": "fiskheroes:flight_impact_block",
      "IMPACT_ENTITY": "fiskheroes:flight_impact_entity",
      "ROLL": "fiskheroes:iron_man_flight_roll",
      "DIVE": ["fiskheroes:flight_dive_loop", "fiskheroes:iron_man_flight_dive"]
    }
  },
    "fiskheroes:damage_resistance|BULLET": {
      "damageType": "BULLET",
      "factor": 0.25
    },
    "fiskheroes:damage_resistance|SHURIKEN": {
      "damageType": "SHURIKEN",
      "factor": 0.25
    },
    "fiskheroes:damage_resistance|SHARP": {
      "damageType": "SHARP",
      "factor": 0.25
    },
    "fiskheroes:damage_resistance|FIRE": {
      "damageType": "FIRE",
      "factor": 0.25
    },
    "fiskheroes:damage_resistance|COLD": {
      "damageType": "COLD",
      "factor": 0.25
    },
    "fiskheroes:damage_resistance|ELECTRICITY": {
      "damageType": "ELECTRICITY",
      "factor": 0.25
    },
    "fiskheroes:energy_blast": {
      "damageProfile": {
        "damage": 12.0,
        "types": {
          "ENERGY": 1.0
        }
      },
      "isExplosive": true,
      "cooldownTime": 10,
      "soundEvents": {
        "SHOOT": "fiskheroes:mk50_cannon_shoot"
      }
    },
    "fiskheroes:charged_beam": {
      "damageProfile": {
        "damage": 10.0,
        "types": {
          "KRYPTONITE": 1.0
        },
        "properties": {
          "COOK_ENTITY": true,
          "HEAT_TRANSFER": 20
        }
      },
      "chargeTime": 30,
      "duration": 40,
      "cooldownTime": 20,
      "range": 32.0,
      "radius": 0.1
    },
    "fiskheroes:heat_vision": {
      "damageProfile": {
        "damage": 7.0,
        "types": {
          "ENERGY": 1.0,
          "FIRE": 1.0
       },
        "properties": {
          "COOK_ENTITY": true,
          "HEAT_TRANSFER": 80
        }
      },
      "range": 128.0,
      "radius": 0.1,
      "soundEvents": {
        "SHOOT": "fiskheroes:heat_vision"
      }
    },
    "fiskheroes:regeneration": {
      "factor": 2
    },
    "fiskheroes:water_breathing": {
    },
    "fiskheroes:metal_skin": {
    }
  },
  "hud": [
    {
      "type": "CIRCLE",
      "color": "fiskheroes:charged_beam",
      "data": "fiskheroes:beam_charge"
    }
  ]
}
