{
  "name": "Electrical Physiology",
  "modifiers": {
	"fiskheroes:lightning_cast": {
      "damageProfile": {
        "damage": 5.0,
        "types": {
          "ELECTRICITY": 2.0
        },
        "properties": {
          "COOK_ENTITY": true,
          "LIGHTNING_STRIKE": 0.15
        }
      },
      "range": 48.0,
      "chainRadius": 2.5,
      "cooldownTime": 40,
	  "soundEvents": {
      "SHOOT": "fiskheroes:black_lightning_lightning_cast"
      }
    },
	"fiskheroes:charged_beam": {
      "damageProfile": {
        "damage": 10.0,
        "types": {
          "ELECTRICITY": 2.0
        }
      },
      "chargeTime": 20,
      "duration": 40,
      "cooldownTime": 60,
      "range": 32.0,
      "radius": 0.2,
       "soundEvents": {
       "SHOOT": "fiskheroes:antimatter_blast_start",
       "BEAM_AMBIENT": "fiskheroes:antimatter_blast_loop"
      }
    },
	"fiskheroes:controlled_flight": {
      "speed": 0.1,
      "boostSpeed": 0.2,
      "canBoost": true,
      "canRoll": false,
      "collision": {
        "blocks": {
          "stopFlying": false,
          "takeDamage": false
        },
        "entities": {
          "stopFlying": false,
          "dealDamage": false
        }
      },
	  "knockback": 0.4,
      "soundEvents": {
        "ENABLE": ["zaro:electro_flight"],
        "BOOST": "fiskheroes:flight_boost"
      }
    },
	"fiskheroes:energy_projection": {
      "damageProfile": {
        "damage": 3.0,
        "types": {
          "ELECTRICITY": 1.0
        },
        "properties": {
          "COOK_ENTITY": true,
          "HEAT_TRANSFER": 80
        }
      },
      "range": 10.0,
      "radius": 0.2,
      "soundEvents": {
         "BEAM_AMBIENT": "fiskheroes:antimatter_beam"
      }
    },
	"fiskheroes:damage_weakness": {
      "damageType": "FIRE"
    },
    "fiskheroes:damage_resistance": {
      "damageType": "ELECTRICITY",
	  "factor": 1.0
    }
  },
    "hud": [
    {
      "type": "CIRCLE",
      "color": "fiskheroes:charged_beam",
      "data": "fiskheroes:beam_charge"
    }
  ]
}