{
  "name": "Homelander Powers",
  "modifiers": {
     "fiskheroes:super_speed": {
      "canUseTreadmill": true,
      "canUseTachyons": true,
      "soundEvents": {
        "ENABLE": [],
        "DISABLE": [],
        "MOVE": [],
        "SPRINT": [],
        "STOP": []
      }
    },   
    "fiskheroes:controlled_flight": {
      "speed": 0.1,
      "boostSpeed": 0.25,
      "canBoost": true,
      "collision": {
        "blocks": {
          "stopFlying": false,
          "takeDamage": false
        },
        "entities": {
          "stopFlying": false,
          "dealDamage": true
        }
      },
      "knockback": 0.4,
      "soundEvents": {
        "ENABLE": ["fiskheroes:flight_loop", "fiskheroes:flight_cape_loop"],
        "BOOST": ["fiskheroes:flight_boost", "fiskheroes:flight_boost_super"],
        "IMPACT_ENTITY": "fiskheroes:flight_impact_entity"
         }
       },
        "fiskheroes:heat_vision": {
      "damageProfile": {
        "damage": 10.0,
        "types": {
          "FIRE": 1.0
        },
        "properties": {
          "COOK_ENTITY": true,
          "HEAT_TRANSFER": 140
        }
      },
      "range": 32.0,
      "radius": 0.0,
      "soundEvents": {
        "BEAM_AMBIENT": "fiskheroes:heat_vision"
      }
    }
  }
}
