{
  "name": "Judge",
  "modifiers": {
    "fiskheroes:shield": {
      "shield": {
        "health": 20000000.0,
        "regeneration": 15.0,
        "recoveryDelay": 100,
        "cooldown": 240
      },
      "coverage": {
        "yawRadius": 180.0,
        "pitchRadius": 180.0,
        "yawOffset": 0.0,
        "pitchOffset": 0.0
      },
      "knockback": 0.0,
      "isToggle": false,
      "soundEvents": {
        "BLOCK_START": "fiskheroes:anti_forcefield",
        "DEFLECT": "fiskheroes:anti_forcefield_deflect",
        "DISARM": "fiskheroes:shield_disarm"
      }
    },
    "fiskheroes:ground_smash": {
      "damageProfile": {
        "damage": 15.0,
        "types": {
          "EXPLOSION": 1.0
        }
      },
      "radius": 30.0,
      "knockback": 30.0,
      "cooldownTime": 40,
      "canDoGriefing": true
    }
  }
}
