{
  "name": "Ring Powers",
  "modifiers": {
    "fiskheroes:controlled_flight": {
      "speed": 0.1,
      "boostSpeed": 0.25,
      "canBoost": true,
      "collision": {
        "blocks": {
          "stopFlying": false,
          "takeDamage": false
        },
        "entities": {
          "stopFlying": false,
          "dealDamage": true
        }
      },
      "knockback": 0.4,
      "soundEvents": {
        "ENABLE": ["fiskheroes:flight_loop", "fiskheroes:flight_cape_loop"],
        "BOOST": ["fiskheroes:flight_boost", "fiskheroes:flight_boost_super"],
        "IMPACT_ENTITY": "fiskheroes:flight_impact_entity"
      }
    },
    "fiskheroes:telekinesis": {
      "telekinesis": {
        "crushMelons": true,
        "crushThrowables": true,
        "squeezeChickens": true,
        "explodeCreepers": true,
        "destroyInanimates": true
      },
      "canGrab": {
        "mobs": true,
        "items": true,
        "projectiles": true,
        "inanimates": true
      },
      "range": 10.0,
      "soundEvents": {
        "GRAB": ["fiskheroes:telekinesis_start", "fiskheroes:telekinesis_loop"]
      }
    },
"fiskheroes:spellcasting": {
      "spells": {
        "fiskheroes:whip": {
          "sequence": "",
          "cooldown": 5,
          "damageProfile": {
            "damage": 5.0,
            "types": {
              "MAGIC": 1.0,
              "FIRE": 1.0
            }
          },
          "whipBurn": {
            "frequency": 20,
            "damageProfile": {
              "damage": 0.5,
              "types": {
                "MAGIC": 1.0,
                "FIRE": 1.0
              },
              "properties": {
                "REDUCE_KNOCKBACK": 1.0
              }
            }
          }
        },
        "fiskheroes:atmospheric": {
          "sequence": "",
          "cooldown": 2,
          "pushPower": 1.0,
          "damageProfile": {
            "damage": 2.0,
            "types": {
              "MAGIC": 1.0
            }
          }
        },
        "fiskheroes:earth_swallowing": {
          "sequence": "",
          "cooldown": 8,
          "range": 48.0,
          "radius": 6.0,
          "damageProfile": {
            "damage": 14.0,
            "types": {
              "MAGIC": 1.0
            }
          }
        },
        "fiskheroes:duplication": {
          "sequence": "",
          "cooldown": 1,
          "quantity": 5
        }
      },
      "soundEvents": {
        "CAST": "fiskheroes:spell_cast",
        "CAST_FAIL": "fiskheroes:spell_fail"
      }
    },
    "fiskheroes:shield": {
      "shield": {
        "health": 200.0,
        "regeneration": 15.0,
        "recoveryDelay": 100,
        "cooldown": 240
      },
      "coverage": {
        "yawRadius": 180.0,
        "pitchRadius": 180.0,
        "yawOffset": 0.0,
        "pitchOffset": 0.0
      },
      "knockback": 0.0,
      "isToggle": false,
      "soundEvents": {
        "BLOCK_START": "fiskheroes:anti_forcefield",
        "DEFLECT": "fiskheroes:anti_forcefield_deflect",
        "DISARM": "fiskheroes:shield_disarm"
      }
    },
    "fiskheroes:teleportation": {
      "canReachMoon": true,
      "range": 128.0,
      "soundEvents": {
        "TELEPORT": "fiskheroes:breach"
      }
    },
    "fiskheroes:water_breathing": {
    },
    "fiskheroes:leaping": {
      "leapAmount": [1.5, 0.3]
    },
    "fiskheroes:fire_immunity": {
    },
    "fiskheroes:projectile_immunity": {
    },
    "fiskheroes:arrow_catching": {
    },
    "fiskheroes:super_speed": {
      "canUseTreadmill": false,
      "canUseTachyons": false,
      "soundEvents": {
        "MOVE": ["fiskheroes:super_speed_move_loop_shazam_dceu", "fiskheroes:super_speed_move_loop_cape"],
        "SPRINT": "fiskheroes:super_speed_sprint_shazam_dceu"
      }
    },
    "fiskheroes:charged_beam": {
      "damageProfile": {
        "damage": 10.0,
        "types": {
          "COSMIC": 1.0
        },
        "properties": {
          "COOK_ENTITY": true,
          "HEAT_TRANSFER": 20
        }
      },
      "chargeTime": 4,
      "duration": 200,
      "cooldownTime": 4,
      "range": 52.0,
      "radius": 0.2,
      "soundEvents": {
        "SHOOT": "fiskheroes:antimatter_blast_start",
        "BEAM_AMBIENT": "fiskheroes:antimatter_blast_loop"
      }
    },
    "fiskheroes:damage_weakness": {
      "damageType": "ETERNIUM",
      "factor": 2.0
    },
    "fiskheroes:eternium_weakness": {
      "radius": 3.0,
      "duration": 120
    }
  }
}
