{
    "name": "Mcevi",
  "modifiers": {
   "fiskheroes:controlled_flight": {
      "speed": 0.1,
      "boostSpeed": 0.25,
      "canBoost": true,
      "collision": {
        "blocks": {
          "stopFlying": false,
          "takeDamage": false
        },
        "entities": {
          "stopFlying": false,
          "dealDamage": true
        }
      },
      "knockback": 0.4,
      "soundEvents": {
        "ENABLE": ["fiskheroes:flight_loop", "fiskheroes:flight_cape_loop"],
        "BOOST": ["fiskheroes:flight_boost", "fiskheroes:flight_boost_super"],
        "IMPACT_ENTITY": "fiskheroes:flight_impact_entity"
         }
       },
    "fiskheroes:tentacles": {
      "tentacles": [
        [0.7, 0, 0.4],
        [-0.7, 0, 0.4],
        [0.65, -0.9, 0.3],
        [-0.65, -0.9, 0.3]
      ],
      "climbing": {
        "speed": 0.1,
        "range": 5,
        "tolerance": 7,
        "minAnchorPoints": 2,
        "anchorPointZones": [
          ["TOP", "RIGHT", "FRONT"],
          ["TOP", "LEFT", "FRONT"],
          ["BOTTOM", "RIGHT", "BACK"],
          ["BOTTOM", "LEFT", "BACK"]
        ]
      },
      "range": 8.0,
      "damageProfile": {
        "damage": 8.0,
        "types": {
          "SHARP": 0.5,
          "BLUNT": 0.5
        },
        "properties": {
          "DAMAGE_DROPOFF": 0.6,
          "HIT_COOLDOWN": 0
        }
      },
      "tentacleStrike": {
        "chargeTime": 20,
        "damageProfile": {
          "damage": 17.0,
          "types": {
            "SHARP": 1.0
          },
          "properties": {
            "HIT_COOLDOWN": 0
          }
        }
      },
      "canBreakGlass": true,
      "soundEvents": {
        "ENABLE": "fiskheroes:ock_enable",
        "DISABLE": "fiskheroes:ock_disable",
        "ANCHOR": "fiskheroes:ock_climb",
        "UNANCHOR": "fiskheroes:ock_unanchor",
        "RELEASE": "fiskheroes:ock_unanchor",
        "JAB_START": "fiskheroes:ock_jab",
        "GRAB_START": "fiskheroes:ock_grab",
        "STRIKE_START": "fiskheroes:ock_strike",
        "STRIKE_CHARGED": "fiskheroes:ock_strike_charged"
      }
    },
    "fiskheroes:telekinesis": {
      "telekinesis": {
        "crushMelons": true,
        "crushThrowables": true,
        "squeezeChickens": true,
        "explodeCreepers": true,
        "destroyInanimates": true
      },
      "canGrab": {
        "mobs": true,
        "items": true,
        "projectiles": true,
        "inanimates": true
      },
      "range": 10.0,
      "soundEvents": {
        "GRAB": ["fiskheroes:telekinesis_start", "fiskheroes:telekinesis_loop"]
      }
    },
    "fiskheroes:energy_projection": {
      "damageProfile": {
        "damage": 10.0,
        "types": {
          "COSMIC": 1.0,
          "ENERGY": 0.5
        },
        "properties": {
          "COOK_ENTITY": true,
          "HEAT_TRANSFER": 80
        }
      },
      "range": 10.0,
      "radius": 0.1,
      "soundEvents": {
        "BEAM_AMBIENT": "fiskheroes:cosmic_beam"
      }
    },
    "fiskheroes:shadowdome": {
      "chargeTime": 40,
      "duration": 1200,
      "radius": 24.0,
      "soundEvents": {
        "CAST": "fiskheroes:shadowdome_cast_loop",
        "DISSOLVE": "fiskheroes:shadowdome_dissolve",
        "FORM": ["fiskheroes:shadowdome_form", "fiskheroes:shadowdome_form_loop"]
      }
    },
    "fiskheroes:projectile_immunity": {
    },
    "fiskheroes:teleportation": {
      "canReachMoon": true,
      "range": 128.0
    }
  }
}
