{
  "name": "olympus king",
  "modifiers": {
   	"fiskheroes:charged_beam": {
      "damageProfile": {
        "damage": 18.0,
        "types": {
          "ENERGY": 1.0
        }
      },
      "chargeTime": 25,
      "duration": 40,
      "cooldownTime": 120,
      "range": 32.0,
      "radius": 0.2,
      "soundEvents": {
        "CHARGE": "fiskheroes:mysterio_charged_beam_charge",
		"SHOOT": "tgheroes:kang_beam"

      }
    },
    "fiskheroes:telekinesis": {
      "telekinesis": {
        "crushMelons": true,
        "crushThrowables": true,
        "squeezeChickens": true,
        "explodeCreepers": true,
        "destroyInanimates": true
      },
      "canGrab": {
        "mobs": true,
        "items": true,
        "projectiles": true,
        "inanimates": true
      },
      "range": 15.0,
      "soundEvents": {
        "GRAB": ["fiskheroes:telekinesis_start", "fiskheroes:telekinesis_loop"]
      }
    },
    "fiskheroes:regeneration": {
      "factor": 6
    },
    "fiskheroes:teleportation": {
      "canReachMoon": true,
      "range": 128.0,
      "soundEvents": {
        "TELEPORT": "fiskheroes:glow_teleport"
      }
    },
	"fiskheroes:shield": {
      "shield": {
        "health": 400.0,
        "regeneration": 20.0,
        "recoveryDelay": 100,
        "cooldown": 300
      },
      "coverage": {
        "yawRadius": 180.0,
        "pitchRadius": 180.0,
        "yawOffset": 0.0,
        "pitchOffset": 0.0
      },
      "knockback": 0.0,
      "isToggle": false,
      "soundEvents": {
        "BLOCK_START": "fiskheroes:anti_forcefield",
        "DEFLECT": "fiskheroes:anti_forcefield_deflect"
      }
    },
    "fiskheroes:fire_immunity": {
    },
    "fiskheroes:projectile_immunity": {
    },
    "fiskheroes:water_breathing": {
    }
  },
  "hud": [
    {
      "type": "CIRCLE",
      "color": "fiskheroes:charged_beam",
      "data": "fiskheroes:beam_charge"
    }
  ]
}