{
  "name": "pym particles",
  "modifiers": {
    "fiskheroes:repulsor_blast": {
      "damageProfile": {
        "damage": 6.0,
        "types": {
          "ENERGY": 1.0
        },
        "properties": {
          "ADD_KNOCKBACK": 0.1,
          "HIT_COOLDOWN": 0.0
        }
      },
      "range": 48.0,
      "speed": 20.0,
      "spread": 0.0,
      "radius": 0.1,
      "cooldownTime": 15,
	  "soundEvents": {
        "SHOOT": "fiskheroes:energy_blast"
      }
    },
    "fiskheroes:size_manipulation|small": {
      "isInstant": true,
      "minSize": 0.0625,
      "maxSize": 1.0,
      "soundEvents": {
        "SHRINK": "fiskheroes:pym_shrink",
        "GROW": "fiskheroes:pym_grow"
      }
    },
    "fiskheroes:size_manipulation|giant": {
      "isInstant": true,
      "minSize": 1.0,
      "maxSize": 5.0,
      "soundEvents": {
        "SHRINK": "fiskheroes:pym_shrink",
        "GROW": "fiskheroes:pym_grow_giant"
      }
    },
    "fiskheroes:transformation": {
      "transformation": {
        "toggleData": "fiskheroes:dyn/giant_mode",
        "timerData": "fiskheroes:dyn/giant_mode_timer",
        "time": 10
      }
    },
    "fiskheroes:cooldown": {
      "cooldown": {
        "toggleData": "fiskheroes:dyn/giant_mode",
        "cooldownData": "fiskheroes:dyn/giant_mode_cooldown",
        "duration": 2500,
        "recovery": 1.0
      }
    }
  },
  "hud": [
    {
      "type": "PROGRESS",
      "texture": "fiskheroes:textures/gui/bars/giant_mode.png",
      "data": "fiskheroes:dyn/giant_mode_cooldown"
    }
  ]
}
