{
  "name": "Speed Force",
  "modifiers": {
      "fiskheroes:cooldown": {
        "cooldown": {
          "toggleData": "fiskheroes:intangible",
          "cooldownData": "fiskheroes:dyn/intangibility_cooldown",
          "duration": 8,
          "recovery": 0.31
        }
      },
      "fiskheroes:intangibility": {
        "isAbsolute": false
      },
      "fiskheroes:cooldown|lightning": {
        "cooldown": {
          "toggleData": "entity.getData('fiskheroes:speed_sprinting')",
          "cooldownData": "fiskheroes:energy_charge",
          "duration": 50,
          "recovery": 1
        }
      },
      "fiskheroes:energy_manipulation": {
        "damageProfile": {
          "damage": 10.0,
          "types": {
            "ELECTRICITY": 1
          },
          "properties": {
            "COOK_ENTITY": true,
            "LIGHTNING_STRIKE": 0.45
          }
        },
        "chargeTime": 800,
        "range": 320.0,
        "chainRadius": 10
      },
      "fiskheroes:super_speed": {
        "canUseTreadmill": true,
        "canUseTachyons": true,
        "soundEvents": {
          "MOVE": "fiskheroes:super_speed_move_loop_cw",
          "SPRINT": "fiskheroes:super_speed_sprint_barry",
          "STOP": "fiskheroes:super_speed_stop_barry"
        }
      },
      "fiskheroes:slow_motion": {
        "soundEvents": {
          "ENABLE": [],
          "DISABLE": []
        }
      },
      "fiskheroes:arrow_catching": {
      },
      "fiskheroes:regeneration": {
        "factor": 5
      },
      "fiskheroes:speed_disintegration": {
        "factor": 30
      },
      "fiskheroes:potion_immunity": {
        "potionEffects": ["minecraft:nausea", "minecraft:poison", "minecraft:wither"]
      }
  },
  "hud": [
    {
      "type": "PROGRESS",
      "texture": "fiskheroes:textures/gui/bars/invisibility.png",
      "data": "fiskheroes:dyn/intangibility_cooldown"
    }
  ]
}
