{
  "name": "Speed Force",
  "modifiers": {
    "fiskheroes:super_speed": {
      "canUseTreadmill": true,
      "canUseTachyons": true,
      "soundEvents": {
        "MOVE": "fiskheroes:super_speed_move_loop_cw",
    "SPRINT": "fiskheroes:super_speed_sprint_zoom",
    "STOP": "fiskheroes:super_speed_stop_zoom"
      }
    },
    "fiskheroes:slow_motion": {
      "soundEvents": {
        "ENABLE": "fiskheroes:slow_motion_enable_cw",
        "DISABLE": "fiskheroes:slow_motion_disable_cw"
      }
    },
    "fiskheroes:arrow_catching": {
    },
    "fiskheroes:regeneration": {
      "factor": 4
    },
    "fiskheroes:potion_immunity": {
      "potionEffects": ["minecraft:nausea", "minecraft:poison", "minecraft:wither"]
    }
  }
}
