{
  "name": "strange magic",
  "modifiers": {
    "fiskheroes:charged_beam": {
      "damageProfile": {
        "damage": 50.0
      },
      "chargeTime": 25,
      "duration": 250,
      "cooldownTime": 100,
      "range": 25.0,
      "radius": 0.2,
      "soundEvents": {
        "SHOOT": [ "fiskheroes:antimatter_blast_start", "fiskheroes:antimatter_blast_loop" ]
      }
    },
    "fiskheroes:controlled_flight": {
      "speed": 0.08,
      "boostSpeed": 0.12,
      "canBoost": false,
      "soundEvents": {
        "ENABLE": [ "fiskheroes:flight_loop", "fiskheroes:flight_cape_loop" ],
        "BOOST": "fiskheroes:flight_boost"
        }
      },
      "fiskheroes:telekinesis": {
        "telekinesis": {
          "crushMelons": false,
          "crushThrowables": false,
          "squeezeChickens": false,
          "explodeCreepers": false,
          "destroyInanimates": false
        },
        "canGrab": {
          "mobs": true,
          "items": true,
          "projectiles": true,
          "inanimates": true
        },
        "range": 65.0,
        "soundEvents": {
          "GRAB": [ "fiskheroes:mysterio_beam_start", "fiskheroes:mysterio_beam_loop" ]
        }
      }
    },
    "hud": [
      {
        "type": "CIRCLE",
        "color": "fiskheroes:charged_beam",
        "data": "fiskheroes:beam_charge"
      }
    ]
  }