{
	"name": "wong physiology",
  "modifiers": {
	"fiskheroes:shield": {
      "shield": {
        "health": 200.0,
        "regeneration": 15.0,
        "recoveryDelay": 100,
        "cooldown": 250
      },
      "coverage": {
        "yawRadius": 180.0,
        "pitchRadius": 180.0,
        "yawOffset": 0.0,
        "pitchOffset": 0.0
      },
      "knockback": 0.0,
      "isToggle": false,
      "soundEvents": {
        "BLOCK_START": "fiskheroes:anti_forcefield",
        "DEFLECT": "fiskheroes:anti_forcefield_deflect"
      }
    },
    "fiskheroes:repulsor_blast": {
      "damageProfile": {
        "damage": 8.0,
        "types": {
          "MAGIC": 1.0
        },
        "properties": {
          "ADD_KNOCKBACK": 1.0,
          "HIT_COOLDOWN": 0.0
        }
      },
      "range": 48.0,
      "speed": 20.0,
      "spread": 0.0,
      "radius": 0.1,
      "cooldownTime": 30,
      "soundEvents": {
        "SHOOT": "zaro:magic_blast"
      }
    },
	"fiskheroes:telekinesis": {
      "telekinesis": {
        "crushMelons": true,
        "crushThrowables": true,
        "squeezeChickens": true,
        "explodeCreepers": true,
        "destroyInanimates": true
      },
      "canGrab": {
        "mobs": true,
        "items": true,
        "projectiles": true,
        "inanimates": true
      },
      "range": 16.0,
      "soundEvents": {
        "GRAB": ["fiskheroes:telekinesis_start", "fiskheroes:telekinesis_loop"]
      }
    },
	"fiskheroes:intangibility": {
      "isAbsolute": true,
      "soundEvents": {
        "ENABLE": "fiskheroes:vision_intang_on",
        "DISABLE": "fiskheroes:vision_intang_off"
      }
    },
	"fiskheroes:teleportation": {
      "canReachMoon": true,
      "range": 128.0,
      "soundEvents": {
        "TELEPORT": "fiskheroes:glow_teleport"
      }
    },
    "fiskheroes:regeneration": {
      "factor": 4
    }
  }
}