{
  "aspects": [
    {
      "type": "LASER",
      "opacity": 0.8,
      "scale": 0.10,
      "spin": 0.0,
      "pulse": {
        "length": 20.0,
        "size": 0.8,
        "frequency": 0.10
      },
      "core": {
        "color": "0x27000",
        "additiveBlending": true
      },
      "bloom": {
        "strength": 1.0,
        "spread": 15.0,
        "dropoff": 5.0,
        "quality": 1.0,
        "scaleToSize": false
      }
    },
    {
      "type": "LIGHTNING",
      "opacity": 0.8,
      "scale": 0.8,
      "amount": 8,
      "segments": {
        "min": 2,
        "spacing": 0.1
      },
      "intensity": 1.7,
      "changeRate": 1.0,
      "bounds": [ 0.7, 0.7 ],
      "core": {
        "color": "0x27000",
        "additiveBlending": true
      },
      "bloom": {
        "strength": 1.0,
        "spread": 7.0,
        "dropoff": 2.0,
        "quality": 1.0,
        "scaleToSize": true
      }
    }
  ]
}
