{
  "aspects": [
    {
      "type": "LASER",
      "opacity": {
        "start": 0.0,
        "end": 0.5
      },
      "scale": 1.5,
      "spin": 0.1,
      "pulse": {
        "length": 3.0,
        "size": 0.75,
        "frequency": 0.10
      },
      "core": {
        "color": "0xB366FF",
        "additiveBlending": true
      },
      "bloom": null
    },
	{
      "type": "LASER",
      "opacity": {
        "start": 0.4,
        "end": 0.10
      },
      "scale": 1.9,
      "spin": 5.0,
      "pulse": {
        "length": 0.8,
        "size": 0.7,
        "frequency": 0.8
      },
      "core": null,
      "bloom": {
        "strength": 1.0,
        "spread": 4.0,
        "dropoff": 3.0,
        "quality": 1.0,
        "scaleToSize": false
      }
    }
  ]
}
